{
  "train": {
    "rmse_log": 0.2944696078692054,
    "mae_log": 0.21604980932816545,
    "r2_log": 0.9381381524689367,
    "rmse_euros": 5563671.388877957,
    "mae_euros": 2647378.737675666,
    "r2_euros": 0.8926573884670665
  },
  "test": {
    "rmse_log": 0.7608045427584088,
    "mae_log": 0.6084452624512809,
    "r2_log": 0.6152464935217254,
    "rmse_euros": 17571231.102890447,
    "mae_euros": 10740329.609784031,
    "r2_euros": 0.44755636875468197
  }
}